date,visitors
2023-01-01,850
2023-01-02,620
2023-01-03,580
2023-01-04,590
2023-01-05,610
2023-01-06,920
2023-01-07,1050
2023-01-08,980
2023-01-09,630
2023-01-10,610
2023-01-11,595
2023-01-12,625
2023-01-13,950
2023-01-14,1100
2023-01-15,1020
2023-01-16,650
2023-01-17,640
2023-01-18,630
2023-01-19,660
2023-01-20,980
2023-01-21,1150
2023-01-22,1080
2023-01-23,680
2023-01-24,670
2023-01-25,660
2023-01-26,690
2023-01-27,1010
2023-01-28,1200
2023-01-29,1120
2023-01-30,700
2023-01-31,710
2023-02-01,720
2023-02-02,750
2023-02-03,1050
2023-02-04,1250
2023-02-05,1180
2023-02-06,730
2023-02-07,740
2023-02-08,730
2023-02-09,760
2023-02-10,1080
2023-02-11,1280
2023-02-12,1210
2023-02-13,770
2023-02-14,780
2023-02-15,770
2023-02-16,800
2023-02-17,1120
2023-02-18,1320
2023-02-19,1250
2023-02-20,820
2023-02-21,830
2023-02-22,820
2023-02-23,850
2023-02-24,1160
2023-02-25,1360
2023-02-26,1290
2023-02-27,870
2023-02-28,880
2023-03-01,890
2023-03-02,920
2023-03-03,1220
2023-03-04,1420
2023-03-05,1350
2023-03-06,930
2023-03-07,940
2023-03-08,930
2023-03-09,960
2023-03-10,1280
2023-03-11,1480
2023-03-12,1410
2023-03-13,990
2023-03-14,1000
2023-03-15,990
2023-03-16,1020
2023-03-17,1340
2023-03-18,1540
2023-03-19,1470
2023-03-20,1050
2023-03-21,1060
2023-03-22,1050
2023-03-23,1080
2023-03-24,1400
2023-03-25,1600
2023-03-26,1530
2023-03-27,1110
2023-03-28,1120
2023-03-29,1110
2023-03-30,1140
2023-03-31,1460
2023-04-01,1660
2023-04-02,1590
2023-04-03,1170
2023-04-04,1180
2023-04-05,1170
2023-04-06,1200
2023-04-07,1520
2023-04-08,1720
2023-04-09,1650
2023-04-10,1230
2023-04-11,1240
2023-04-12,1230
2023-04-13,1260
2023-04-14,1580
2023-04-15,1780
2023-04-16,1710
2023-04-17,1290
2023-04-18,1300
2023-04-19,1290
2023-04-20,1320
2023-04-21,1640
2023-04-22,1840
2023-04-23,1770
2023-04-24,1350
2023-04-25,1360
2023-04-26,1350
2023-04-27,1380
2023-04-28,1700
2023-04-29,1900
2023-04-30,1830
2023-05-01,1410
2023-05-02,1420
2023-05-03,1410
2023-05-04,1440
2023-05-05,1760
2023-05-06,1960
2023-05-07,1890
2023-05-08,1470
2023-05-09,1480
2023-05-10,1470
2023-05-11,1500
2023-05-12,1820
2023-05-13,2020
2023-05-14,1950
2023-05-15,1530
2023-05-16,1540
2023-05-17,1530
2023-05-18,1560
2023-05-19,1880
2023-05-20,2080
2023-05-21,2010
2023-05-22,1590
2023-05-23,1600
2023-05-24,1590
2023-05-25,1620
2023-05-26,1940
2023-05-27,2140
2023-05-28,2070
2023-05-29,1650
2023-05-30,1660
2023-05-31,1650
2023-06-01,1680
2023-06-02,2000
2023-06-03,2200
2023-06-04,2130
2023-06-05,1710
2023-06-06,1720
2023-06-07,1710
2023-06-08,1740
2023-06-09,2060
2023-06-10,2260
2023-06-11,2190
2023-06-12,1770
2023-06-13,1780
2023-06-14,1770
2023-06-15,1800
2023-06-16,2120
2023-06-17,2320
2023-06-18,2250
2023-06-19,1830
2023-06-20,1840
2023-06-21,1830
2023-06-22,1860
2023-06-23,2180
2023-06-24,2380
2023-06-25,2310
2023-06-26,1890
2023-06-27,1900
2023-06-28,1890
2023-06-29,1920
2023-06-30,2240
2023-07-01,2440
2023-07-02,2370
2023-07-03,1950
2023-07-04,1960
2023-07-05,1950
2023-07-06,1980
2023-07-07,2300
2023-07-08,2500
2023-07-09,2430
2023-07-10,2010
2023-07-11,2020
2023-07-12,2010
2023-07-13,2040
2023-07-14,2360
2023-07-15,2560
2023-07-16,2490
2023-07-17,2070
2023-07-18,2080
2023-07-19,2070
2023-07-20,2100
2023-07-21,2420
2023-07-22,2620
2023-07-23,2550
2023-07-24,2130
2023-07-25,2140
2023-07-26,2130
2023-07-27,2160
2023-07-28,2480
2023-07-29,2680
2023-07-30,2610
2023-07-31,2190
2023-08-01,2200
2023-08-02,2190
2023-08-03,2220
2023-08-04,2540
2023-08-05,2740
2023-08-06,2670
2023-08-07,2250
2023-08-08,2260
2023-08-09,2250
2023-08-10,2280
2023-08-11,2600
2023-08-12,2800
2023-08-13,2730
2023-08-14,2310
2023-08-15,2320
2023-08-16,2310
2023-08-17,2340
2023-08-18,2660
2023-08-19,2860
2023-08-20,2790
2023-08-21,2370
2023-08-22,2380
2023-08-23,2370
2023-08-24,2400
2023-08-25,2720
2023-08-26,2920
2023-08-27,2850
2023-08-28,2430
2023-08-29,2440
2023-08-30,2430
2023-08-31,2460
2023-09-01,2780
2023-09-02,2980
2023-09-03,2910
2023-09-04,2490
2023-09-05,2500
2023-09-06,2490
2023-09-07,2520
2023-09-08,2840
2023-09-09,3040
2023-09-10,2970
2023-09-11,2550
2023-09-12,2560
2023-09-13,2550
2023-09-14,2580
2023-09-15,2900
2023-09-16,3100
2023-09-17,3030
2023-09-18,2610
2023-09-19,2620
2023-09-20,2610
2023-09-21,2640
2023-09-22,2960
2023-09-23,3160
2023-09-24,3090
2023-09-25,2670
2023-09-26,2680
2023-09-27,2670
2023-09-28,2700
2023-09-29,3020
2023-09-30,3220
2023-10-01,3150
2023-10-02,2730
2023-10-03,2740
2023-10-04,2730
2023-10-05,2760
2023-10-06,3080
2023-10-07,3280
2023-10-08,3210
2023-10-09,2790
2023-10-10,2800
2023-10-11,2790
2023-10-12,2820
2023-10-13,3140
2023-10-14,3340
2023-10-15,3270
2023-10-16,2850
2023-10-17,2860
2023-10-18,2850
2023-10-19,2880
2023-10-20,3200
2023-10-21,3400
2023-10-22,3330
2023-10-23,2910
2023-10-24,2920
2023-10-25,2910
2023-10-26,2940
2023-10-27,3260
2023-10-28,3460
2023-10-29,3390
2023-10-30,2970
2023-10-31,2980
2023-11-01,2970
2023-11-02,3000
2023-11-03,3320
2023-11-04,3520
2023-11-05,3450
2023-11-06,3030
2023-11-07,3040
2023-11-08,3030
2023-11-09,3060
2023-11-10,3380
2023-11-11,3580
2023-11-12,3510
2023-11-13,3090
2023-11-14,3100
2023-11-15,3090
2023-11-16,3120
2023-11-17,3440
2023-11-18,3640
2023-11-19,3570
2023-11-20,3150
2023-11-21,3160
2023-11-22,3150
2023-11-23,3180
2023-11-24,3500
2023-11-25,3700
2023-11-26,3630
2023-11-27,3210
2023-11-28,3220
2023-11-29,3210
2023-11-30,3240
2023-12-01,3560
2023-12-02,3760
2023-12-03,3690
2023-12-04,3270
2023-12-05,3280
2023-12-06,3270
2023-12-07,3300
2023-12-08,3620
2023-12-09,3820
2023-12-10,3750
2023-12-11,3330
2023-12-12,3340
2023-12-13,3330
2023-12-14,3360
2023-12-15,3680
2023-12-16,3880
2023-12-17,3810
2023-12-18,3390
2023-12-19,3400
2023-12-20,3390
2023-12-21,3420
2023-12-22,3740
2023-12-23,3940
2023-12-24,3870
2023-12-25,3450
2023-12-26,3460
2023-12-27,3450
2023-12-28,3480
2023-12-29,3800
2023-12-30,4000
2023-12-31,3930
2024-01-01,3510
2024-01-02,3520
2024-01-03,3510
2024-01-04,3540
2024-01-05,3860
2024-01-06,4060
2024-01-07,3990
2024-01-08,3570
2024-01-09,3580
2024-01-10,3570
2024-01-11,3600
2024-01-12,3920
2024-01-13,4120
2024-01-14,4050
2024-01-15,3630
2024-01-16,3640
2024-01-17,3630
2024-01-18,3660
2024-01-19,3980
2024-01-20,4180
2024-01-21,4110
2024-01-22,3690
2024-01-23,3700
2024-01-24,3690
2024-01-25,3720
2024-01-26,4040
2024-01-27,4240
2024-01-28,4170
2024-01-29,3750
2024-01-30,3760
2024-01-31,3750
2024-02-01,3780
2024-02-02,4100
2024-02-03,4300
2024-02-04,4230
2024-02-05,3810
2024-02-06,3820
2024-02-07,3810
2024-02-08,3840
2024-02-09,4160
2024-02-10,4360
2024-02-11,4290
2024-02-12,3870
2024-02-13,3880
2024-02-14,3870
2024-02-15,3900
2024-02-16,4220
2024-02-17,4420
2024-02-18,4350
2024-02-19,3930
2024-02-20,3940
2024-02-21,3930
2024-02-22,3960
2024-02-23,4280
2024-02-24,4480
2024-02-25,4410
2024-02-26,3990
2024-02-27,4000
2024-02-28,3990
2024-02-29,4020
2024-03-01,4340
2024-03-02,4540
2024-03-03,4470
2024-03-04,4050
2024-03-05,4060
2024-03-06,4050
2024-03-07,4080
2024-03-08,4400
2024-03-09,4600
2024-03-10,4530
2024-03-11,4110
2024-03-12,4120
2024-03-13,4110
2024-03-14,4140
2024-03-15,4460
2024-03-16,4660
2024-03-17,4590
2024-03-18,4170
2024-03-19,4180
2024-03-20,4170
2024-03-21,4200
2024-03-22,4520
2024-03-23,4720
2024-03-24,4650
2024-03-25,4230
2024-03-26,4240
2024-03-27,4230
2024-03-28,4260
2024-03-29,4580
2024-03-30,4780
2024-03-31,4710
2024-04-01,4290
2024-04-02,4300
2024-04-03,4290
2024-04-04,4320
2024-04-05,4640
2024-04-06,4840
2024-04-07,4770
2024-04-08,4350
2024-04-09,4360
2024-04-10,4350
2024-04-11,4380
2024-04-12,4700
2024-04-13,4900
2024-04-14,4830
2024-04-15,4410
2024-04-16,4420
2024-04-17,4410
2024-04-18,4440
2024-04-19,4760
2024-04-20,4960
2024-04-21,4890
2024-04-22,4470
2024-04-23,4480
2024-04-24,4470
2024-04-25,4500
2024-04-26,4820
2024-04-27,5020
2024-04-28,4950
2024-04-29,4530
2024-04-30,4540
2024-05-01,4530
2024-05-02,4560
2024-05-03,4880
2024-05-04,5080
2024-05-05,5010
2024-05-06,4590
2024-05-07,4600
2024-05-08,4590
2024-05-09,4620
2024-05-10,4940
2024-05-11,5140
2024-05-12,5070
2024-05-13,4650
2024-05-14,4660
2024-05-15,4650
2024-05-16,4680
2024-05-17,5000
2024-05-18,5200
2024-05-19,5130
2024-05-20,4710
2024-05-21,4720
2024-05-22,4710
2024-05-23,4740
2024-05-24,5060
2024-05-25,5260
2024-05-26,5190
2024-05-27,4770
2024-05-28,4780
2024-05-29,4770
2024-05-30,4800
2024-05-31,5120
2024-06-01,5320
2024-06-02,5250
2024-06-03,4830
2024-06-04,4840
2024-06-05,4830
2024-06-06,4860
2024-06-07,5180
2024-06-08,5380
2024-06-09,5310
2024-06-10,4890
2024-06-11,4900
2024-06-12,4890
2024-06-13,4920
2024-06-14,5240
2024-06-15,5440
2024-06-16,5370
2024-06-17,4950
2024-06-18,4960
2024-06-19,4950
2024-06-20,4980
2024-06-21,5300
2024-06-22,5500
2024-06-23,5430
2024-06-24,5010
2024-06-25,5020
2024-06-26,5010
2024-06-27,5040
2024-06-28,5360
2024-06-29,5560
2024-06-30,5490
2024-07-01,5070
2024-07-02,5080
2024-07-03,5070
2024-07-04,5100
2024-07-05,5420
2024-07-06,5620
2024-07-07,5550
2024-07-08,5130
2024-07-09,5140
2024-07-10,5130
2024-07-11,5160
2024-07-12,5480
2024-07-13,5680
2024-07-14,5610
2024-07-15,5190
2024-07-16,5200
2024-07-17,5190
2024-07-18,5220
2024-07-19,5540
2024-07-20,5740
2024-07-21,5670
2024-07-22,5250
2024-07-23,5260
2024-07-24,5250
2024-07-25,5280
2024-07-26,5600
2024-07-27,5800
2024-07-28,5730
2024-07-29,5310
2024-07-30,5320
2024-07-31,5310
2024-08-01,5340
2024-08-02,5660
2024-08-03,5860
2024-08-04,5790
2024-08-05,5370
2024-08-06,5380
2024-08-07,5370
2024-08-08,5400
2024-08-09,5720
2024-08-10,5920
2024-08-11,5850
2024-08-12,5430
2024-08-13,5440
2024-08-14,5430
2024-08-15,5460
2024-08-16,5780
2024-08-17,5980
2024-08-18,5910
2024-08-19,5490
2024-08-20,5500
2024-08-21,5490
2024-08-22,5520
2024-08-23,5840
2024-08-24,6040
2024-08-25,5970
2024-08-26,5550
2024-08-27,5560
2024-08-28,5550
2024-08-29,5580
2024-08-30,5900
2024-08-31,6100
2024-09-01,6030
2024-09-02,5610
2024-09-03,5620
2024-09-04,5610
2024-09-05,5640
2024-09-06,5960
2024-09-07,6160
2024-09-08,6090
2024-09-09,5670
2024-09-10,5680
2024-09-11,5670
2024-09-12,5700
2024-09-13,6020
2024-09-14,6220
2024-09-15,6150
2024-09-16,5730
2024-09-17,5740
2024-09-18,5730
2024-09-19,5760
2024-09-20,6080
2024-09-21,6280
2024-09-22,6210
2024-09-23,5790
2024-09-24,5800
2024-09-25,5790
2024-09-26,5820
2024-09-27,6140
2024-09-28,6340
2024-09-29,6270
2024-09-30,5850
2024-10-01,5860
2024-10-02,5850
2024-10-03,5880
2024-10-04,6200
2024-10-05,6400
2024-10-06,6330
2024-10-07,5910
2024-10-08,5920
2024-10-09,5910
2024-10-10,5940
2024-10-11,6260
2024-10-12,6460
2024-10-13,6390
2024-10-14,5970
2024-10-15,5980
2024-10-16,5970
2024-10-17,6000
2024-10-18,6320
2024-10-19,6520
2024-10-20,6450
2024-10-21,6030
2024-10-22,6040
2024-10-23,6030
2024-10-24,6060
2024-10-25,6380
2024-10-26,6580
2024-10-27,6510
2024-10-28,6090
2024-10-29,6100
2024-10-30,6090
2024-10-31,6120
2024-11-01,6440
2024-11-02,6640
2024-11-03,6570
2024-11-04,6150
2024-11-05,6160
2024-11-06,6150
2024-11-07,6180
2024-11-08,6500
2024-11-09,6700
2024-11-10,6630
2024-11-11,6210
2024-11-12,6220
2024-11-13,6210
2024-11-14,6240
2024-11-15,6560
2024-11-16,6760
2024-11-17,6690
2024-11-18,6270
2024-11-19,6280
2024-11-20,6270
2024-11-21,6300
2024-11-22,6620
2024-11-23,6820
2024-11-24,6750
2024-11-25,6330
2024-11-26,6340
2024-11-27,6330
2024-11-28,6360
2024-11-29,6680
2024-11-30,6880
2024-12-01,6810
2024-12-02,6390
2024-12-03,6400
2024-12-04,6390
2024-12-05,6420
2024-12-06,6740
2024-12-07,6940
2024-12-08,6870
2024-12-09,6450
2024-12-10,6460
2024-12-11,6450
2024-12-12,6480
2024-12-13,6800
2024-12-14,7000
2024-12-15,6930
2024-12-16,6510
2024-12-17,6520
2024-12-18,6510
2024-12-19,6540
2024-12-20,6860
2024-12-21,7060
2024-12-22,6990
2024-12-23,6570
2024-12-24,6580
2024-12-25,6570
2024-12-26,6600
2024-12-27,6920
2024-12-28,7120
2024-12-29,7050
2024-12-30,6630
2024-12-31,6640
